"suite","data","size","A","C","Iend","scenario","model","solver","parallel","backend_flags","optimization_level","time_limit_ms","wall_time_ms","exit_code","status","log"
"epsilon_free","data/benchmarks_organized/epsilon_free/xlarge_150a_100i_balanced_bimodal_epsilon10.dzn","xlarge","150","100","100","balanced_bimodal","simple_content_assignment_epsilon_consensus_free_chuffed_search.mzn","OR Tools CP-SAT","16","","-1","5400000","670069","1","error","C:\Users\lialq\OneDrive\Escritorio\Semestre-2026-I\PRACTICA-INV\modelo_simple\benchmark_results_epsilon_search_large_to_stress500_ortools_p16_90min\raw\0001__epsilon_free__OR_Tools_CP-SAT__0e2ec37e8b.log"
"epsilon_free","data/benchmarks_organized/epsilon_free/xlarge_150a_100i_three_clusters_epsilon10.dzn","xlarge","150","100","100","three_clusters","simple_content_assignment_epsilon_consensus_free_chuffed_search.mzn","OR Tools CP-SAT","16","","-1","5400000","406228","1","error","C:\Users\lialq\OneDrive\Escritorio\Semestre-2026-I\PRACTICA-INV\modelo_simple\benchmark_results_epsilon_search_large_to_stress500_ortools_p16_90min\raw\0002__epsilon_free__OR_Tools_CP-SAT__450a4bc4f2.log"
"epsilon_free","data/benchmarks_organized/epsilon_free/xlarge_150a_100i_high_stubborn_epsilon15.dzn","xlarge","150","100","100","high_stubborn","simple_content_assignment_epsilon_consensus_free_chuffed_search.mzn","OR Tools CP-SAT","16","","-1","5400000","413757","1","error","C:\Users\lialq\OneDrive\Escritorio\Semestre-2026-I\PRACTICA-INV\modelo_simple\benchmark_results_epsilon_search_large_to_stress500_ortools_p16_90min\raw\0003__epsilon_free__OR_Tools_CP-SAT__4deb21d029.log"
"epsilon_free","data/benchmarks_organized/epsilon_free/massive_300a_150i_balanced_bimodal_epsilon10.dzn","massive","300","150","150","balanced_bimodal","simple_content_assignment_epsilon_consensus_free_chuffed_search.mzn","OR Tools CP-SAT","16","","-1","5400000","87663","1","error","C:\Users\lialq\OneDrive\Escritorio\Semestre-2026-I\PRACTICA-INV\modelo_simple\benchmark_results_epsilon_search_large_to_stress500_ortools_p16_90min\raw\0004__epsilon_free__OR_Tools_CP-SAT__cf21e11063.log"
"epsilon_free","data/benchmarks_organized/epsilon_free/massive_300a_150i_three_clusters_epsilon10.dzn","massive","300","150","150","three_clusters","simple_content_assignment_epsilon_consensus_free_chuffed_search.mzn","OR Tools CP-SAT","16","","-1","5400000","55605","1","error","C:\Users\lialq\OneDrive\Escritorio\Semestre-2026-I\PRACTICA-INV\modelo_simple\benchmark_results_epsilon_search_large_to_stress500_ortools_p16_90min\raw\0005__epsilon_free__OR_Tools_CP-SAT__61fb488a35.log"
"epsilon_free","data/benchmarks_organized/epsilon_free/massive_300a_150i_high_stubborn_epsilon15.dzn","massive","300","150","150","high_stubborn","simple_content_assignment_epsilon_consensus_free_chuffed_search.mzn","OR Tools CP-SAT","16","","-1","5400000","483480","1","error","C:\Users\lialq\OneDrive\Escritorio\Semestre-2026-I\PRACTICA-INV\modelo_simple\benchmark_results_epsilon_search_large_to_stress500_ortools_p16_90min\raw\0006__epsilon_free__OR_Tools_CP-SAT__9a1dd66202.log"
"epsilon_free","data/benchmarks_organized/epsilon_free/stress500_500a_100i_balanced_bimodal_epsilon10.dzn","stress500","500","100","100","balanced_bimodal","simple_content_assignment_epsilon_consensus_free_chuffed_search.mzn","OR Tools CP-SAT","16","","-1","5400000","354093","1","error","C:\Users\lialq\OneDrive\Escritorio\Semestre-2026-I\PRACTICA-INV\modelo_simple\benchmark_results_epsilon_search_large_to_stress500_ortools_p16_90min\raw\0007__epsilon_free__OR_Tools_CP-SAT__870c3774ff.log"
"epsilon_free","data/benchmarks_organized/epsilon_free/stress500_500a_100i_three_clusters_epsilon10.dzn","stress500","500","100","100","three_clusters","simple_content_assignment_epsilon_consensus_free_chuffed_search.mzn","OR Tools CP-SAT","16","","-1","5400000","225142","1","error","C:\Users\lialq\OneDrive\Escritorio\Semestre-2026-I\PRACTICA-INV\modelo_simple\benchmark_results_epsilon_search_large_to_stress500_ortools_p16_90min\raw\0008__epsilon_free__OR_Tools_CP-SAT__aac7c0eb03.log"
"epsilon_free","data/benchmarks_organized/epsilon_free/stress500_500a_100i_high_stubborn_epsilon15.dzn","stress500","500","100","100","high_stubborn","simple_content_assignment_epsilon_consensus_free_chuffed_search.mzn","OR Tools CP-SAT","16","","-1","5400000","346972","1","error","C:\Users\lialq\OneDrive\Escritorio\Semestre-2026-I\PRACTICA-INV\modelo_simple\benchmark_results_epsilon_search_large_to_stress500_ortools_p16_90min\raw\0009__epsilon_free__OR_Tools_CP-SAT__9317fd650c.log"
